"","estado","municipio","latitud","longitud","tortilla","pan_blanco","pan_dulce","pollo_entero","pollo_piezas","huevo","bistec_res","molida_res","visceras_res","chorizo","jamon","salchichas","tocino","leche_pasteurizada","leche_en_polvo","leche_maternizada","leche_condensada","queso_fresco","queso_oaxaca","queso_amarillo","crema_de_leche","mantequilla","manzana","platanos","aguacate","papaya","naranja","limon","melon","uvas","pera","guayaba","sandia","pina","jitomate","papa","cebolla","tomate_verde","col","lechuga","calabacita","zanahoria","chile_serrano","nopales","chayote","chile_poblano","pepino","ejotes","chicharo","frijol","jugos_nectares","refrescos_envasados","agua_embotellada","antibioticos","cardiovasculares","analgesicos","nutricionales","diabetes_no_incluida","gastrointestinales","antigripales","antiinflamatorios_no_incluida","alergias_no_incluida","medicinas_tos","medicinas_piel","autobus_foraneo","transporte_aereo","materiales","index_ciudad"
"1",12,1,0.294291600765288,-1.74334636405798,8.25085857813629,0.917368914509385,2.99141110718394,20.2734754406969,25.4480099684041,9.94542925178169,60.9252824822042,52.7162035648781,24.1560917736907,48.537355991872,62.2968532838929,25.0296163718457,87.6576584840243,8.69361907257263,66.3412476044652,183.318558885944,24.4424745181259,57.3000719426826,74.1667021694029,55.727473201675,27.8722849013561,46.7090588964804,24.4586687210603,6.43735055118807,22.8267531569059,5.98985103264747,4.78779488272987,6.91432911071084,10.8627069468876,24.6056953345848,19.1671768101022,8.75733586161871,5.75075523317119,7.91841427600495,13.6292522469941,11.8963435281639,10.7858034644998,10.6297069018214,3.899096272499,5.01312377892728,9.4623485694623,6.56609921323257,16.55926832845,11.1902704932327,5.85193718025863,12.1312090786999,7.40430652134262,14.0631235691508,18.7900588493158,14.6827165281787,11.6261211364174,8.70001745972458,5.23482100096303,117.406241123814,251.060118950164,44.0973426738343,156.320897797582,0,119.121416289548,30.7571675287458,0,0,103.735990129742,91.1185482189167,240.421779800975,3088.15317424,79.3425307337573,12001
"2",1,1,0.381892584688615,-1.78540395068092,6.66750321032405,2.57646853122518,2.67608654418189,17.1414523397777,22.6075033779483,12.3073134244653,61.0357823825389,51.5987956866512,22.271545767179,55.6114403359799,72.5569026116779,32.5898637919921,95.8267926237978,8.34993236410201,70.9777534233528,164.404275048614,21.9205700064819,63.6101303635974,68.9704990432345,59.3461291616223,30.5498877751559,67.7774641317016,18.3244672612545,5.44674019826302,20.2243039298654,7.79145211115213,4.72584738796373,7.05552599285618,9.35396968452052,27.521960661656,22.732834821426,10.364442776953,5.884379450649,8.87989206809599,14.2723191023827,9.37038076562052,9.70411080985942,9.26259420934982,3.86280559394997,4.96646433507853,7.62251769717605,5.93249084010019,17.7949553202953,11.1872294690112,8.29510069994177,9.83075540347813,8.85084151977082,16.8170629879704,16.895987461792,13.5287677516042,12.6374582746796,8.6131403065088,6.04016298308287,120.991444392393,237.108203951686,44.4414807442282,127.388518024562,0,125.302751224838,26.4243008762648,0,0,137.245642964276,93.4372246679875,268.1358621682,1795.27286532902,82.7894609692778,1001
"3",9,3,0.33934533617019,-1.73039699053859,6.7576980710253,1.14412314162181,3.03296230579805,23.1718002590855,29.4001140155968,11.3767822074622,64.2599349710748,57.2134141348102,23.7289192948632,48.2242998568375,80.44488812022,30.3557791800689,84.6598893248756,9.08568974804177,69.505272998495,181.214930610438,24.1619907480584,58.354051583628,70.7452685869366,61.6015395230467,28.4290612574979,58.9379970898536,23.1055781685241,5.77591318864465,23.8804290027376,8.21447234461428,4.48612297506252,7.60821155332405,9.49682458561329,28.5086379252076,23.4299375283102,11.3551354989143,5.67937976184538,6.9126792314947,14.4533627143978,11.2613724501607,9.95891229479802,12.4961954369019,4.49502858683104,5.77932246878276,11.5447490103961,6.48576115780047,19.3124874315893,11.8481835347275,6.99733770365241,12.4711780134673,7.53784366906453,15.4572423613312,20.0132583494005,13.6687933131618,11.4553639438267,8.5439276559774,4.73835359475826,146.280087589913,225.407911561599,44.1368246773084,127.85090144371,0,125.84147525131,31.9283163213286,0,0,103.091863619411,86.4300062768948,244.885162820953,1909.07466146951,79.5194089655952,9003
"4",4,2,0.34637513441053,-1.58016292717211,8.58316309091412,2.13193764920129,3.5852023683,21.7997650073366,29.9745932568424,11.5494327690851,60.5915421873302,47.442838609002,17.8396602841545,49.6590775045842,77.3658043682809,23.1338789821247,94.4693392631423,9.74110154962133,66.2477395692416,189.903041526624,25.3204055368833,58.9422724414503,77.8354652502633,62.5119594362721,27.7427477008635,54.9189458257247,20.5713209333731,4.65188373949709,23.3824326415613,7.24831645148462,4.22341589003746,6.02534117328074,11.2220879144663,27.7523194933439,23.4069788855019,11.4335175969927,7.37602143362292,8.26751516923988,15.0453377340827,9.91561452235764,10.5348586946095,12.2183778453472,3.95260483697895,5.08192050468722,8.83756587756242,6.95124706846893,13.2507959057435,10.650473826795,6.02051301119455,9.43499060559201,9.15305467365287,13.9212522208865,19.0590033315076,11.9956168735321,9.9295500532971,8.17607724703912,5.69940547467068,130.990630443645,196.686949694027,41.5942459097179,110.115946795258,0,112.543932084858,23.5612277277337,0,0,104.130572719691,89.5892490208397,251.100227688498,2239.40993454135,83.6928343775095,4002
"5",5,2,0.511803258795081,-1.76158990344052,9.56220335345711,0.864318526465688,3.48353610510469,20.8683963201111,26.4489972577517,12.9015746577775,57.5473683666298,54.9328310970021,14.5329103886387,63.0664153088283,77.4107466265325,29.799111284461,96.7049920923463,9.13010168761581,87.2910696499543,171.012002249042,22.8016002998722,58.5746148073993,67.9307168512387,55.4815254951943,22.7326046565202,53.4114816628327,22.3388279593457,5.98552176051296,17.3147138937089,8.35445998339416,4.93621107654526,6.98901628987803,8.08928724671025,26.3548720543594,21.524273367458,15.6550903115298,5.27237734684271,6.90450495343175,16.079972480076,9.12288400379594,10.1106571832004,16.0443350540783,4.49226151436404,5.77576480418234,6.06872142622618,7.29971353107043,14.9454156200667,9.97077057550207,8.67203507377668,11.1738982741687,9.47112517314734,13.8350469876239,9.69920342959296,12.2843335535695,10.486047883823,8.9915100297878,4.84258426475689,193.319785252827,211.918354335327,40.9229893185231,101.777542605473,0,155.193598740987,29.9076627344647,0,0,115.633857123176,72.9184121540833,236.511580733764,2537.19969775771,84.5231797399538,5002
"6",8,37,0.553957808231808,-1.85854779016814,8.03148747635277,1.41445556174594,2.3200968878562,21.8997254160319,28.1150924514065,12.1321961968037,63.2140199435463,50.9853831334669,15.2942283657238,50.8529192025911,98.075170516252,39.2698302739554,82.6529801658157,9.76094878523941,80.0740829871965,186.545940949521,24.8727921266028,62.1872312143482,82.5394739036953,65.9708861352096,29.4316292710512,63.5995178203524,20.7872000954216,6.27328556699903,20.6519893675941,11.1655414134951,7.22197984772313,7.25230493793456,6.87217652916935,27.4394101905505,16.1894224726404,15.1203160628418,4.77681240648819,8.43210238532698,15.7185065719571,9.1509884343249,10.1789138453218,13.7345742036278,3.97925875268455,5.11618982488013,9.3368789449582,6.13585860713177,17.7218295719209,12.0924543197103,10.0542285285386,12.7145174842576,9.9465257828618,14.6192980324635,20.4073443089036,10.8096952456567,12.407342507899,8.03535700526404,4.91912240019474,151.203379081381,212.403570286652,39.7178825378718,107.609389462926,0,138.915695811784,29.326806872193,0,0,121.986138617863,85.0141407545708,246.497783946822,1827.19573629695,86.9774001571535,8037
"7",23,4,0.322948937378103,-1.54121784414919,8.5384697858973,0.770938475782386,2.65441173537538,25.4824768151957,34.4427258806729,8.9990759292018,61.7195319146535,48.4672216198014,16.5912462023223,44.219749098,76.410026847556,31.9731230617693,74.8992140041314,10.1157645689366,64.5712023824649,179.619193961973,23.9492258615964,66.4339796201508,72.7680859673108,65.3163542333084,28.2457899124379,56.3078330098503,19.0483406322387,5.78674406043057,23.0756070269281,7.36158895597651,3.46280260226582,7.26644277850387,8.06259420467376,38.4472911829996,17.3455642155431,15.1007808621452,4.62848735890245,7.05517470247718,14.9447018899161,10.7239558153366,11.2445498278384,6.8366829776366,3.25383500914278,4.18350215461215,8.35752166775066,5.51762394863323,16.9571149207855,7.18210210901381,6.73759610112504,8.43906612830443,7.20377912669665,15.1717807505036,12.0580804522512,13.1827391716082,15.3973101204991,9.17108030487753,6.47256270110119,112.727916288493,248.6318490795,38.8671371063708,140.86557396373,0,105.605587521021,21.8705935247587,0,0,80.8618044640338,84.7970586470174,225.83866823738,4745.61049524089,84.4905858401338,23004
"8",8,19,0.499779879484172,-1.85160041108747,8.3519095495791,2.14885655229771,2.93019687347515,23.1559833835004,28.3658609048439,13.0528852095484,62.5348057562656,50.2829250701209,15.6097528128286,55.0587057091346,78.1758760863473,37.4868728417266,76.2067980010576,9.51250857398967,73.2562791060596,184.713232063677,24.6284309418236,53.9798173290342,83.0902495645016,62.3564133695983,28.5790589222374,58.0417603435683,17.5792819032579,6.87707639770771,20.9859797842719,11.8144763301607,5.80513541817047,8.23470770891411,6.48598573972861,21.7124317367643,17.196789722133,12.0648475229114,5.23837319051602,7.90212517559942,16.597885590895,8.68031794909109,7.54515708599498,12.0440887630253,5.52572459420857,7.10450304969673,12.626595086641,6.59859803787477,11.9881300421539,9.37444357631749,9.35712874991664,10.3316772871734,10.8706654130723,15.4745995273687,15.0213189122318,13.08702156559,12.8961189372834,8.27314430080077,4.9859984597919,144.408574752691,194.500517030815,48.4073004259961,110.105096637509,0,115.293327354701,29.7401641389645,0,0,123.769882232215,87.8604983359182,235.881717117148,1600.7020504262,86.7457533521386,8019
"9",6,2,0.335864373842861,-1.81044457692237,8.48654916103666,2.17217977409331,3.14098307309584,20.739500338091,27.5046528539572,11.7283285716077,59.6777517041582,55.282630300905,19.7149653320475,50.6875772516716,75.0748077473525,31.3800168278804,65.5555224757986,8.86174250283616,69.9823446890504,168.352553335332,22.4470071113776,71.4948396117243,62.9334266035273,77.691079321965,29.2092905699735,60.381708896743,21.6438145106128,4.95967185620164,22.46580704798,8.03973155034583,4.98085011504882,6.74922001196418,9.06425090482095,25.7723995166543,21.9724526532388,9.46737898983265,5.78632033908058,10.0055868554731,15.0472557486642,13.1803767743291,8.14162411711174,11.1140456193932,4.70321439682043,6.04698993876912,10.5325218466434,6.54701379544278,19.5469118924098,8.61057337544,5.51932292170412,10.5030599288999,5.24800963701842,14.1619508742244,13.367814649654,12.8923807938657,10.6519370893378,8.4533060807959,4.42782334446261,186.889475975982,227.368658793784,47.3078182498984,144.543985880602,0,125.681740739024,24.3330601468726,0,0,119.853871701191,80.0332839766562,233.856901765944,2582.66557449407,82.8874517298844,6002
"10",30,44,0.329697543877325,-1.6919221768833,7.18464554552646,0.937197863469057,2.24354410590261,19.1254349443557,26.8811843831383,11.8820525654473,62.9882871154386,48.5763436677115,23.4351983020356,40.5994880413138,89.1594032843717,30.3993216657594,85.8898809371368,9.28429422132563,63.0271687124821,167.54296075781,22.3390614343747,51.3763194862451,64.1579219553041,61.9663709966108,33.2689143423216,56.1982011991188,23.2271428070633,3.67363739821733,20.1712610450681,8.31451339376485,3.75937599033328,6.65425099231537,11.9470504266303,23.9353362350224,22.1956237552256,12.2726367644127,5.94859763300407,8.02228895139471,13.5465499822557,10.8646987858315,8.79528315165282,12.058559028869,4.64485027431278,5.97195035268786,8.34845735521692,6.39891357154812,21.1825464136225,14.9384279518835,5.8855207224351,10.4788365362314,8.44513691930826,14.2400700614118,21.4410084569718,13.0513607552989,12.1885875038862,9.41608516619647,5.31831545983345,131.81997723115,221.119350353682,39.272076061324,109.016348190421,0,113.99953938451,29.4531990926766,0,0,113.202507412629,83.0112421981573,243.82221967794,3137.29259709821,84.575053271367,30044
"11",11,11,0.357491912215335,-1.76210380516679,7.67299668426082,1.61680116132432,3.10807192297324,15.7562974835242,20.3195540269481,10.0403467464965,65.3991081725162,51.2958115936541,18.1282116321819,61.9978212180457,68.108999118611,34.0317708135626,79.3457620404588,8.83900900463592,72.0159571750029,178.853550265972,23.8471400354629,45.8265396834842,71.4026456773395,47.4577022278248,25.5065854322378,69.4533557515848,25.90884304322,6.00324301238918,19.5247043226407,9.21735761894931,5.91811038337598,6.68938389613274,8.89980127069716,33.524420509424,23.4327884343996,9.53297203963761,5.8435922090156,10.8068815606484,15.9690010938608,11.3077162354882,7.52508892490018,9.81791425746371,4.91847091437075,6.32374831847668,10.0109613492191,6.23147913258565,17.2953758013287,12.4237472804557,6.97052582270376,11.6078380201798,9.24012457464491,14.9796971261302,16.1846959191578,13.4210028695662,14.7374791542889,7.77177889124103,3.97072364473962,106.834918922478,253.555564296958,35.8440084791956,94.7232099751274,0,184.460619162359,26.5901728013054,0,0,77.9117639101985,77.2924908965229,233.47900750185,1674.04234216099,82.0884645260098,11011
"12",17,7,0.330192053773879,-1.73196293886432,7.50479639862106,1.04714125178571,3.02090349453038,21.7339412624837,28.1164538783692,11.1289144832693,67.2614458343324,59.0626772322845,18.6726412308426,43.8326912377988,77.6876113575992,37.9654114211835,86.4673669497516,8.76514397192426,81.3169685266881,165.83641169278,22.1115215590373,52.6930141705343,65.1437162720376,52.2399033865014,30.4010918433794,53.7851782794919,29.1590638141865,6.15404659579024,21.3464914130707,7.07821563702927,5.0748364147142,6.57928217859922,14.0094290049524,31.1470448319708,21.4370596196968,9.38116098470305,6.51202039862525,7.11010588321223,16.008144964041,10.2734223340942,10.0671213837334,11.6159471989987,4.23593256256424,5.44619900901116,8.79184164802019,5.97734790940352,17.263912487496,12.6576401497255,5.25611519345728,11.5391561268158,11.1316926048417,15.4370147455518,20.0030098423159,13.4220193911528,12.8231112843934,9.48636311300614,4.5837000623053,146.078551788561,224.035116338648,36.400965413564,115.348459667664,0,152.275431241894,30.5704515529552,0,0,112.862363387126,85.2023389389041,222.917877499326,2884.4011994003,82.9015134480038,17007
"13",25,6,0.432701058449502,-1.87444968045993,8.45368997969599,1.76782840825,3.25418846743998,22.6590052494384,28.6199935623523,13.4834954024021,62.6117175971725,57.8544118888423,18.5540633420294,39.452290227,93.0634007173298,31.8585806295291,92.3759782371062,9.21970535618987,72.5024570016761,177.584537760956,23.6779383681275,59.2429359069115,67.2154035178462,51.8949239484596,29.4599135181606,56.9430010629803,22.0093004146283,4.59300735850901,25.6005624971196,9.55850535087757,6.22978860325501,6.6518303804578,8.19809867787064,29.0248577242682,22.1255284901976,14.844701160212,4.48834117499235,7.60764143556105,13.7642931274496,10.9906935082464,7.37018782236353,14.1947509577753,4.34060774706532,5.58078138908399,9.33562702247808,6.79164065580298,13.8589225798792,9.00520115357968,7.75729303924222,14.6209845824354,7.17434847283424,13.6296838422082,19.438960324786,12.8143844782687,11.7574787634321,8.79019288468384,4.98254772028794,143.209482521258,190.97596116741,38.1862968603161,105.219182409416,0,145.339704231461,28.5538609872505,0,0,129.563609448763,85.5074127957152,197.772469623382,1802.18719852417,82.1252930672313,25006
"14",10,5,0.419276567735934,-1.82656463162534,6.63959522164083,1.32509414671317,3.03471753035959,26.4184644759805,29.542194293524,11.6125335172803,59.0358199403668,50.2616710358569,17.4501623469788,43.2781307750968,70.8451300691643,26.8146142501869,86.3886834215114,9.48216810914466,72.0199270215756,186.153362376238,24.8204483168317,48.5249021679038,66.2804905799213,64.5759960775595,29.468431661226,77.7610805154573,22.4894249607186,6.10464172765695,20.2696887554668,10.2308310780608,5.66970824401407,7.59466826922978,7.49361119611924,26.9147935920794,18.952154476686,11.2927685950898,4.05601878258607,9.13467836560076,14.0933987198002,10.7885827082762,8.72790327467655,13.0781055825228,3.66746035198046,4.71530616683202,13.5179426340435,5.71591264593949,13.1194896117075,7.87856157480664,9.05292177156002,11.9452575469428,8.91212899892027,14.2598642733346,16.5290837473319,10.9586084585149,11.7937517753178,8.735011723704,4.62806303930372,151.999619514157,233.686771780632,42.4676892444603,138.338412956186,0,152.724497533432,28.3550081669818,0,0,113.224406580235,76.4006262031376,266.672677478179,1587.94889110077,84.0789223056696,10005
"15",32,10,0.404489750500878,-1.79537656829527,7.05196000521411,1.799997811,2.99576180347803,26.3782585760008,30.7104511506076,11.9989399178142,62.0021997480098,47.6800289992869,15.714060326488,47.9187675980423,79.0478475031703,26.4155340403102,84.6758206147446,8.48400102139119,89.1555979324167,194.595843726232,25.946112496831,56.31920777726,77.6558208131,55.3907566812966,29.915064084468,57.0871827146451,21.5342468265283,6.39936445975592,22.3713538235269,9.59179194848971,4.43728247352116,6.3864861190666,8.63578208481329,27.736222812422,21.398085901584,10.6404405525214,3.33793726247044,11.3418479317317,10.8665790746608,13.7314918534106,6.53191029720458,10.9260228836963,3.96240431336595,5.09451983147051,6.54586963606825,5.38930969407676,13.7922844223022,10.0887568630316,7.38317965596022,11.7213160804418,8.96372551010659,15.1536496795301,16.268276244872,14.5798620939707,10.95849822879,9.5076411438928,4.88973086587133,164.105918849646,267.42068457,49.207849221125,111.023590463118,0,123.165308856253,29.3553729087735,0,0,117.381015067047,88.4886299947702,260.3347771883,1838.44373444833,84.9115751669202,32010
"16",14,39,0.360871063553276,-1.80366203371758,7.5697115303593,1.6932686522981,3.0869176754255,23.5260057235726,27.8759548129816,10.9452890871542,64.3860900094139,52.579854422987,22.4058158567823,44.1100363310201,79.4171168110869,30.4296763864416,95.4503223014567,9.2840363445759,81.7205208422599,183.153705035902,24.4204940047869,64.2969065520002,77.2289192868046,61.8806834305339,31.4932453150968,59.3629640642661,24.627282147358,7.14605757392013,32.5069771458354,8.25732691377279,6.17134749173935,5.21176538822462,10.1338199861331,22.7627302892466,23.207282318332,10.1667249320673,5.6280672707491,9.70492369549269,15.9205145085077,12.0192131168936,6.23303644555193,9.79608511366199,4.71264111305997,6.05911000250567,7.14779683358428,5.70758875850995,19.0073314817509,10.8653938391664,7.81407395216447,12.7898438438038,5.53116484092081,14.1812216941053,19.2753853467608,13.7046926618023,11.9556251740995,9.7699712888996,4.80511009755079,137.088108494843,210.515023478971,36.270005973518,119.40919743007,0,122.251667973475,26.1818582414414,0,0,100.530774307658,86.9334537254688,211.948921414129,1877.74223715561,80.0911952115964,14039
"17",26,30,0.507871419802498,-1.93651552772165,9.0660841421612,2.24805235263212,3.82148057735007,21.4644846263954,26.8995886842709,14.3007104961318,66.3439707931196,57.3293275327253,13.8534051520963,53.1195732104369,81.4033853563741,29.4241214432394,84.2737472080845,9.73325756223437,77.4200953192628,194.79184629396,25.972246172528,60.5884260745961,81.5672211003867,53.1382695496946,23.2880685816686,51.7758198489481,22.4287926905069,7.10461646258773,21.8817921006494,12.6541628342019,6.71506392967467,7.52103695674897,8.404189074607,31.4121122655252,18.2577555732067,16.6938602897059,5.58466967331996,7.74847107720312,14.6236410158171,8.59648699977259,7.91754739412039,14.6556574773504,6.31981450678369,8.12547579443618,10.0501328106581,6.3431992342492,17.3269835356366,10.1844780571368,8.62804875542198,11.4922409821311,8.9828345452373,15.1762262673581,19.7603915025263,13.2033730901275,13.119764806545,7.91808863143772,4.9725203606114,133.93320983454,192.360858293706,48.2569193162611,122.497859656351,0,133.768894570612,30.1646232149891,0,0,106.436287195466,97.3685826698043,319.338283340117,2750.66390371306,79.367810374345,26030
"18",26,33,0.468228205078779,-1.91361777659322,8.95302725013191,1.8498061416,2.6994545992,19.8726242936863,25.7002462455613,12.5225428968581,65.9318596381194,56.5820770415568,15.6966572524536,47.2922094483336,85.0317828903302,29.481414884778,103.817736876932,9.42365564882931,85.3118892805691,194.211569688104,25.8948759584139,53.6798560433656,63.565013320888,53.4533653407034,30.033564776771,68.0612629432998,23.7130556831722,7.09861187863603,25.7803240847363,10.5099006956985,6.68581862485097,6.25408084463833,8.23495488076601,22.0374650190446,23.0229843676507,15.7036028656291,3.36041029140176,13.2557743801443,16.2968294704103,10.9364828890498,7.01358723846657,17.3185224542449,4.41518209632333,5.67666269527286,9.59278022339199,7.17945770063202,10.9333191386839,6.32485116001383,11.4368799493679,9.90914002891924,7.65571588858118,16.2277697912378,22.4748043,22.8033480039513,9.21427890533728,8.70079618819744,5.22126889366724,95.4347351375119,186.161150477531,41.2018483673977,97.1889895679023,0,82.6897673635814,23.0214919397115,0,0,84.9409626518074,73.9970217409726,230.682371041864,2071.30524592676,75.9295817906676,26033
"19",12,35,0.320175803102764,-1.73734921884205,8.20811150225914,1.4452347815,3.1237329221472,25.3199656326492,34.5787344148551,9.17851426005296,66.3826226984689,57.3237746245043,31.2949577381495,84.9920324111918,73.551597549512,38.7858142178885,118.226499481606,9.11792948330767,61.9796668957228,175.161102691015,23.3548136921353,50.9524199552519,64.9858811739471,61.7435038990848,33.0887059179697,63.8543373619615,19.5496032876235,5.87700492209158,41.2342842038661,11.0310218267806,9.67104717738401,9.65592061850936,16.3082939001502,34.8761814525582,18.975343857543,7.97508784447823,6.00236793336698,6.1807614874209,14.1117095538554,8.3417866924115,10.0141721931872,10.9988743361657,6.17735098353247,7.94230840739889,11.4989650494146,8.40205001956515,14.7286332890959,16.1607133442309,7.99563082421909,8.675997693358,4.44072905709294,12.8401460306384,16.2839222595841,18.5889366167116,13.1452533199363,8.85796409691526,4.5425815832773,124.568827020109,255.04315918701,46.6254473037689,118.355149721805,0,126.091601600969,31.1489270136388,0,0,111.430998388232,136.341731850781,209.79618566895,1506.17771787671,78.1980716385958,12035
"20",16,43,0.348290148586661,-1.78552030654616,7.55053686664528,1.795300237,2.49441691969027,25.0680520461359,32.9638236026538,10.1332992077008,58.3217616772593,47.3493550033086,16.2511967440137,48.037974152,75.0704402579447,27.3967805941427,92.4679501679328,9.24350610142768,69.7799951530442,183.194463707094,24.4259284942792,50.9996940753425,65.6776934276231,57.7715633871522,26.5248132296817,68.1890890385763,24.8656425551021,5.03567846108699,18.324914335181,7.52719823343416,4.69070006453768,8.31446551070892,10.6149979679322,23.1768887245264,25.0954117999327,9.32297657678484,6.39848611045292,7.47450814470744,16.1101484098734,13.2044542314814,11.9058198587322,14.2041582785354,5.43517406096683,6.98808093552878,13.0945856170273,6.28215480138568,19.6749287448265,7.16957017341784,6.03364166975666,11.0088121280831,5.31378367056226,11.6485995416883,15.8913319117163,13.8457033179592,10.3391219970898,9.55745459951499,4.39342866113814,183.73617133668,223.538804552798,33.5106779391895,135.328741147864,0,142.363867939067,19.443827693696,0,0,110.97941562565,90.4257512257572,235.54150305995,2348.66682875692,79.6886811255075,16043
"21",8,36,0.473507826066062,-1.83125762825241,8.11110857745756,1.50361441679391,1.95145574761942,18.2999827625524,21.7973149934039,13.0999463157052,72.4861015831646,58.6970616355266,16.2644514894425,76.7782727347525,77.6044621783901,33.6989389725,86.9664652255739,9.36295842588748,60.5686412007676,172.969998373394,23.0626664497859,75.8329934144944,58.548694174078,85.6230149907571,25.2188857562437,78.4282746259881,19.7964996414487,5.81353686949004,15.5002151348341,11.9776533361818,5.76042098686069,8.52718468717675,14.2790741488225,27.0641867968006,18.41288003542,10.2372792320907,4.68713242999051,8.61871308842307,15.0150637619929,10.5574162551419,7.87990496679437,15.9106490637553,5.01190573759601,6.44387880548059,9.4061383850384,6.58817250240362,10.7269570750703,10.5018067351903,9.79146338841315,8.56447492242192,8.45904613335572,17.8467193593315,22.2402083716149,14.7668765444435,12.9205724098289,8.95244185298655,5.47696841802073,169.305366001714,300.515077670485,44.4753853592682,130.985437300191,0,146.676885750788,32.6756755963877,0,0,106.635310203593,122.399020400576,190.69540047315,1677.39878513332,87.1951055345891,8036
"22",3,3,0.421361266487135,-1.9252872417036,8.30737423006917,1.50989831370107,2.76526758302248,26.3451189000154,26.8490855918774,10.9852815079179,64.1411473237432,57.007548013267,17.0744356653857,51.2806142921634,88.8064683898314,32.6713377149568,96.418868261704,10.3280150203543,70.95603302952,181.022806876879,24.1363742502506,56.3361069893743,71.6955290360556,72.3429425164032,25.7275502783278,53.190169967916,24.1763063898818,9.11929247980021,18.0865744090205,11.1062701964812,6.04588003147192,7.97410218352032,7.91374921704302,31.9319112385145,17.6605501794591,20.7209029944572,3.2072535474038,11.1441240120829,16.4519580139697,13.5527267100504,7.55916602136047,17.0771090389345,4.93788623328778,6.34871087137001,10.2335596904097,7.51948379209795,13.5664890588584,12.0591038293268,9.6699870570276,11.5915229632834,9.09614553583765,14.3008508254888,20.6441409971705,14.4970393692748,12.6478477191696,8.83236834808806,5.72796379771234,174.819182275873,189.197217197586,44.5066464009829,121.372267375259,0,127.582159450508,31.4418687466722,0,0,108.908080687143,99.5204051474671,208.012605290472,1183.09773520649,82.9142567350284,3003
"23",11,20,0.368608689845606,-1.77466048047716,6.60390498288565,1.11626740509027,2.5341913998,27.6940930459634,36.3504505068706,10.8437110312997,68.1340695920063,54.8962165211928,17.1339130375932,51.8346303053136,86.4407456013186,29.3086014432419,86.1454892517535,9.39398447826463,73.3568881618342,174.910802083055,23.3214402777407,55.5653337952767,67.891668496072,52.0622196799461,26.5420868872544,57.3080063138598,25.8014026491634,5.16409535897452,20.7072221337607,10.1499207705458,4.47836892582824,7.3370968230005,8.96291695299062,23.5058301855916,20.7298881968197,9.36198892739856,5.65891565940246,8.01079508938895,16.4834935920754,14.7182616927691,5.96778567439075,11.2666289563195,4.42913060032837,5.69459648613648,8.96727415488886,6.23656709624371,18.7374008929668,12.7121667893061,6.78126230520835,10.2673534824299,6.08712529174168,13.2386343667746,19.2764149538747,10.643093285865,10.975955464411,8.75288908057433,4.79136061400104,126.362690984465,256.747226203309,42.3409192382298,108.003680906678,0,144.273217697962,25.0581084234479,0,0,135.591332944175,97.4541759410677,292.20630690785,2925.22483880644,82.7645475265583,11020
"24",28,22,0.451686362240536,-1.70176874280482,7.79191594752944,0.952595162581437,3.13859573415667,23.8672992965103,29.4165319221426,13.332819895759,58.6259026122562,44.1034642009908,14.2249555815026,49.0753038101122,83.1722852425782,29.5053187120112,74.7529754341611,9.10414318721538,81.6277811894497,191.909390624431,25.5879187499242,57.3395970930294,65.6630005396424,55.7503423094919,26.8306101462355,67.3166628085551,25.7701107252651,6.70696413560569,21.6104856382145,11.5956441474428,6.32187620482916,4.98085248382678,8.54718268047186,21.5733572440384,18.460355687621,12.6683236927127,5.25428394627031,7.92723240792428,13.9726284234406,9.96929310180988,8.84127372648733,13.7553380557205,3.64002760663883,4.68003549424992,7.30264534731764,6.56375929945924,12.8814540143068,11.1779814672519,8.7037706675117,10.4714355545415,14.2413245014773,16.0131414455366,18.2164353056785,11.9537217510442,11.6440493831095,7.83825988260265,5.44663617712091,127.005893140875,213.573059685265,38.642092284623,122.221627652026,0,103.194559446107,30.3811252519541,0,0,122.304551892874,90.3694468787248,229.97631602705,1947.22735707277,84.1996611875937,28022
"25",31,50,0.365956759087507,-1.56419316451636,8.15241853102878,0.81860963466554,2.66770612484924,19.7417332378706,24.4048879013698,15.0723410371445,66.8548234357427,57.2822881292497,18.8850971152752,54.3404929250703,75.114288585115,39.0910897472401,88.7510266020402,9.88252152611978,72.6236311487602,202.973235269941,27.0630980359921,56.8962630120987,58.9663461036107,48.1194832512913,32.6584165503696,49.2623006579655,22.5030191512443,4.89101683278067,14.5936506772557,6.62186719495914,5.35818519344079,7.21296902277673,11.7614265204023,27.5419509539388,23.5897405233637,13.2407155727671,5.14210855467996,8.92647156964282,15.5690478416882,11.5233529670516,7.47699544477643,11.0840140570984,7.12396370363441,9.15938190467281,8.53549766628732,6.5187674749674,13.1491353664713,8.15879437081924,5.5347333245283,13.020094244543,6.94303910945136,15.4892893524738,18.2214934818358,13.1377160938372,13.7740489145,8.46217572140098,5.15052943968864,143.922494036377,220.080145153443,45.765959756066,129.161850954646,0,122.652519597442,28.0103640818504,0,0,117.896453159408,86.7786261253941,243.185001689,3087.02890814404,84.4310923838342,31050
"26",2,2,0.570082711284904,-2.01529290257121,10.6651865163527,1.92749948208719,3.25525160027239,26.2605603848162,25.3048723616986,12.815368205427,71.451227022822,57.2437387797416,16.836936520591,57.0422434903891,72.0234358305586,34.8061993658361,91.9683471169471,9.39668880444107,71.5791335516786,202.545355728864,27.0060474305152,65.167476135258,65.3137287486061,63.5343247980765,23.9911457562299,75.3082115356733,24.2863025836813,7.06628025848166,23.9341153752378,12.7480562856987,9.21591765157766,9.71918183959714,11.6226834333784,26.4455653826608,19.4008869317764,19.6461549687886,4.89285785800432,11.4490411594538,13.3130381899597,7.97443598639698,5.34590523683814,15.1825246001084,4.2404302150153,5.45198170501967,16.0034046743742,7.02871690740947,19.3999214041149,11.9343420276394,12.6095779742635,16.4183217055783,7.19684694264168,18.5240366674919,15.9983894889865,16.9583637090796,11.2026600514628,8.1895749840884,5.37125351761393,148.51011846782,188.977254986107,43.4926082519535,122.625926171564,0,147.918137880314,31.4168905262097,0,0,116.923883085446,107.287575530049,248.252951316318,2051.57136092764,81.8792355678919,2002
"27",5,18,0.46950811313873,-1.77005475031269,9.47641314582493,1.01335436323768,3.06284836803451,27.0667056659192,31.4405268510245,13.6980862516135,64.1932777250397,60.5125258924018,15.8486873109556,59.9222479034017,76.4281464604772,49.3614269694058,92.3747772956371,9.30638514789013,80.0727686646376,181.941919147704,24.2589225530272,64.4942625136744,65.992446734682,61.3025888266789,27.9474838363928,69.839369337573,24.9171868954243,6.25763665206164,22.4179554725682,7.97089366992372,5.92895034822512,7.45729109134862,8.13360537000614,27.3151245106042,23.9382421511113,13.7961891029794,3.9565329204652,12.5371017289893,12.6858310467367,12.3727311462113,9.00072472123171,12.1982646863966,3.69919659504836,4.75610990791932,7.86160327541101,7.55681785655683,13.3232990015583,10.279642684408,9.46395508001745,9.9336764566042,7.93610975029712,15.8062161390197,19.7496607103275,12.6081258265815,11.3644389459158,9.07595657088871,5.58956931684594,145.193510803023,273.585278709451,45.0738561697878,104.804471347796,0,149.120710095473,37.1285577851054,0,0,108.546493590357,89.0241385126001,228.530295392053,1783.36499835354,78.9231533674514,5018
"28",19,39,0.447933904348749,-1.75075431650417,8.80830764785749,1.1448822845715,2.98690134759971,22.1255963355535,29.8905639328017,12.6601006367533,56.6581224829982,45.477624013543,17.2933178560554,53.1489633462855,74.7123690156241,31.8490757894262,89.346506428345,9.03013978042972,75.9342537350982,181.641941802922,24.2189255737229,56.0686452284723,67.1736201272351,57.559045456112,28.7666827959062,63.2983723221928,21.2168690770784,6.26731239767586,18.8977706578809,7.96729662657061,5.29462318031061,6.11856734598344,8.8585045978382,22.230052312012,22.0769479132804,12.8695741620279,5.9075596676182,7.02286556206907,14.0480331737986,9.56892251326013,7.93109833431733,14.0628154857064,3.36063017568654,4.3208102258827,8.41634883180832,5.88989042287317,14.4735386294049,9.50824953198952,7.36696899378561,11.5330791737089,9.03971908782709,16.8912556102394,15.6275519664411,13.2121737785564,11.533723380335,8.45743711578103,5.26891469980181,148.532132881982,238.977375563171,51.219491787423,119.090955175296,0,149.33207711001,33.9207835602735,0,0,129.199479658354,88.9488297000337,237.501824108835,1741.62793860862,81.6968056998646,19039
"29",16,53,0.343868647698587,-1.76602110067979,7.373635847783,1.61143823377329,2.80116322660354,22.3252981765085,30.4740034670936,12.9048674062518,58.8335012445665,50.4875777983421,21.3234753221632,61.03899494,85.7444627023148,34.7301237387541,89.3126642629947,9.02972347430888,72.4124266536937,197.615979737774,26.3487972983698,55.5761951278505,76.5308371031442,65.8722154617118,27.8701763647545,71.836855383261,27.3656355519752,6.73360172793549,25.3486461556083,9.12881902508545,5.65516790658857,5.84205468952307,10.4042015654626,30.6775383829349,26.4131495831565,12.123359965601,7.3571224597832,9.78867922115609,15.0919321462512,10.6718140283441,9.03564675367456,11.1236506629845,3.84336220636298,4.94146569389526,10.199109230536,4.72202358621517,21.2742281087848,11.6001177847068,8.70813387191334,11.032162150329,8.33727567713928,15.2330835964055,23.0229327248291,13.7589406018241,14.2193197295404,9.61537480168968,4.95683463593784,159.158037153733,262.996431821058,50.1580508554445,130.573101531954,0,151.036659178127,34.4615408388579,0,0,108.205944706796,81.8643339774124,247.89492203894,1779.74336483542,78.3417735658616,16053
"30",20,67,0.297888918259728,-1.68808245252892,7.21906821791551,0.782683946083338,2.64863519222467,20.4389795532245,28.0911030331918,11.519539648704,66.6503624795822,56.4355543503685,16.3593931090811,49.9939620163167,76.3629452407083,31.398767727732,91.310641723435,9.45594926791103,72.7145901398522,181.255711999395,24.167428266586,53.5110590070211,78.5915809520182,49.7141865043305,27.6759448693658,49.6315044978862,23.6067576093383,5.63409180163827,20.4346320363446,8.50304016767118,5.53179992520171,8.49089339309942,9.66983232339789,35.6574210778881,23.6423691569076,10.4759869832634,5.46935725813362,8.19139920898583,15.6629270500366,10.4567512311441,9.18500799347038,13.4822945424794,3.85845727802315,4.96087364317262,7.57770017800278,6.52447784439425,16.3603022934797,9.24456043716909,5.7651562763039,10.8123266620276,10.3213272385695,15.4378135747298,18.9729802254987,12.0673673501077,10.2236833807522,9.1226529902112,4.4122497968099,170.695607462491,248.613695119117,46.5702088173386,117.047313730629,0,132.453386159253,37.4731228740367,0,0,110.951873114734,100.090476073859,242.38249774625,1979.62802471553,81.2640884901299,20067
"31",21,114,0.332402804217916,-1.71386969222713,6.74009745012047,0.773849205019452,2.41759740512706,20.8311714033294,25.6959954363517,10.0626734097255,61.3267665690043,52.103366731361,20.3311022699396,50.5258052140428,80.6029710879362,30.3252509890801,82.5032292965149,8.8631400380647,66.6599687602081,187.883457017569,25.0511276023426,62.8635408736859,70.2605620196165,63.0690126886764,27.2831412568815,63.7196441108264,20.5666235801002,5.57299661945282,19.8328164354591,7.29525126323951,4.28193508151438,5.66969858719017,9.50412493053677,23.6754818667961,23.9346623037893,10.5272290340746,5.93133310220766,7.09292044079157,13.5857023882581,10.2644402023059,11.0885577984461,9.56999253967378,4.40341558114126,5.6615343186102,8.32054901469501,6.36747388676462,20.6786848333409,14.864807250816,7.58548629492268,11.7367132793347,7.6433821735428,14.0518715881047,23.1095386268879,14.0076941385775,12.0578052847902,8.85398420718117,4.71664909353933,138.408428560847,226.522907386514,45.4796594247611,100.605432610913,0,145.790831599184,23.7903859880938,0,0,116.428351151794,80.1811608280765,252.040291862739,1392.16464451458,80.6414935061042,21114
"32",22,14,0.359329356105525,-1.75210209989513,7.87599209323123,1.30560450475275,2.78407579903011,20.0482999115406,22.0256081469105,11.2212488455432,62.0754483349339,54.2730507518023,18.8483535145852,43.7974693710172,64.4668065528443,25.6425882867558,87.7138389493031,9.11626398376451,70.9602923851662,179.529109625151,23.9372146166868,55.3551395560323,73.1549763435673,73.9689464702898,34.7707167317845,54.694624574485,21.9665060137094,4.97656553959229,18.6313099347152,7.22946047903807,5.19218463192021,7.00637347059116,8.72287253803104,37.94752567826,24.2496055343411,11.4160826849,4.76916226873522,7.38891013378652,14.1196672723473,8.57664110500962,9.33429092853816,9.57268054925438,3.75760737315008,4.83120947976439,11.5050664366242,5.28274310045716,17.1820786838317,12.9408604539764,6.98832263901345,10.6675793988246,6.94067834963714,13.5198780943824,14.5923711199303,12.5830027543273,11.5724137480331,9.36096398494345,5.35271977515117,152.913671642037,206.757214429775,38.5337525860094,115.30264839643,0,112.263474391524,37.0225041450847,0,0,108.842601002789,91.2830786845968,321.2681243805,2368.10189029209,80.6340743531474,22014
"33",30,141,0.321862954771202,-1.66180070293415,7.01857851652805,1.05306096615,2.7146073976,20.8379014993672,24.943946073245,11.234606249929,61.5017089016977,44.6645589984524,19.8892601903509,50.9792423803819,71.7789904252962,29.772458216806,92.1877225957911,9.92834834629546,67.9288356618449,182.592672900423,24.3456897200564,50.629086791126,69.3230497845565,61.2482263949831,30.2378974961466,65.2486796689166,22.4357292097247,3.7348291421449,20.5262653550824,7.49468790686479,4.98060171193843,6.50882624890361,11.1118138469095,29.7810542147245,28.9207123346034,11.2101619170712,5.23171928639635,5.99908607009269,12.4076294504438,8.55469791025429,7.57494647139683,13.7483554022461,3.03634520945773,3.90387241215994,14.9057556249875,5.69496038291976,13.1284011523856,10.7583214342507,9.40285752482727,11.9367884227116,6.98857472302285,13.9697664078506,17.4903788371778,12.7918473426313,12.122647286933,7.95267088520503,5.496234954411,157.05787453647,209.209209221543,43.3486952856712,99.410960839475,0,118.519731628506,28.3755954724111,0,0,109.534300597606,91.4606343082127,232.815109614096,3248.53960138039,81.114363713659,30141
"34",24,28,0.386585581141148,-1.76234621220127,7.3924645230947,1.5983249624,2.61029273127753,19.8154664038834,25.6546301224192,11.9168730988749,68.9661813846392,52.2464139053645,23.3415796386652,53.5960177907498,85.8423392665313,25.6351912369911,74.1864934021169,9.08249143997925,74.1720908933401,218.156342258775,29.08751230117,58.2291597824605,63.1363602054956,60.3616526783748,32.3299626354724,62.2820323726149,26.4544664481816,7.08584199604266,20.5176852964017,9.53861315507273,5.97265719346549,8.2488167442921,8.41104500837301,19.933799814418,21.5477357604095,12.0110825717972,6.6833410436751,8.08045833564689,15.102900529346,11.0511989002438,9.76671820929996,17.0612947885082,4.65526656288809,5.98534272371325,10.0595135439787,6.36602382578605,17.0250985128595,8.68350096329679,6.79052481201224,12.0906771403518,10.3005150576576,19.7131513011871,25.0624018957646,13.5870610056967,12.496696454699,8.6121331620556,5.06212477874518,133.998230881157,225.153654498189,51.12795579514,121.353203135784,0,183.425032780294,26.2335635222276,0,0,119.768338211881,81.2710963765672,242.4824727767,2131.65151765673,82.9643176779004,24028
"35",28,38,0.388427873206934,-1.7081294982234,7.26938478453039,1.34383096201502,3.18463257615092,22.3394513916765,28.6870835294472,12.1919824689718,63.5795823117456,53.4489911095841,22.3279077469902,49.8841110167511,77.1125687604475,33.6928392667805,81.5578913540071,9.3648258909247,72.8420911035298,168.137568061772,22.4183424082363,53.070519888402,77.5462519991655,52.029489681668,37.6228426129346,57.5473754334448,20.0027356277002,6.10885442136454,23.0809932356922,7.44276431461296,4.1284447431404,7.90165103619296,8.3195142777085,25.4652065463736,17.5660365440522,11.8595431689718,3.96848634987726,4.99095025727811,11.5709868363738,11.444940703895,9.93356158605365,13.476699987381,3.45694473733322,4.44464323371414,9.71602924167898,6.00364629202902,13.8534416369977,10.3391556702003,6.47818736622393,10.5675730130571,7.86679422534311,11.328022493975,16.138041420916,11.7185937044365,12.7489691207047,7.98242978772258,5.37361152071596,116.617639178801,186.045743771784,31.4646300715486,123.31577228709,0,134.76123156207,26.5445579764583,0,0,112.224060019498,78.563935239244,248.740063130958,1960.6654230526,79.6667918844396,28038
"36",7,89,0.260194654592247,-1.61025046424116,7.00541872980625,0.747838238848996,2.9546850138,21.8734300984598,31.2906309500361,11.8213877986997,57.7366069574126,46.1079495650095,20.0620812855315,41.9843064293388,74.4404244999148,27.9424038928253,91.500683483528,9.6073543102904,67.9396278854593,182.200028965014,24.2933371953352,59.6200689257807,60.3891168621057,55.6884197785313,32.7087550968653,48.4711896649258,27.1453590462882,4.58844152011958,18.5179529745736,4.62381462943786,4.72490790913261,8.80945732729859,8.64825132257409,23.9483013978544,23.2678234929935,10.9667278094326,5.56718701362645,8.23428846449054,12.4424084080922,10.5398016336705,9.96126124341176,13.3418795147628,4.19741645111056,5.396678294285,11.3513016728697,6.23155893086762,12.9436489588293,12.0070508383522,5.57985483897319,13.403180844384,8.72545657159401,13.0530675704796,19.3223401827524,15.0553185153384,13.0183136625163,9.19999406124251,4.34940441268878,135.100302626338,153.272897056504,34.2481722740221,118.607000150358,0,130.546920523503,29.2248060895933,0,0,117.363754271427,57.5061700393346,235.782270925382,2684.73687771153,80.1628817076576,7089
"37",20,515,0.284915304036882,-1.66223218707155,6.65270804995433,0.851153522375,2.80391317325018,21.7750011710028,28.3172458200669,11.9403949394093,61.2636973528272,50.5959710631115,26.2954846671386,49.3329481304813,72.8384635917693,35.3265442151049,80.9537565771507,9.53915730528971,72.2823407287559,189.531919219849,25.2709225626466,66.5795284546623,71.5250555667297,58.9554798607501,28.4998561728295,48.5460288254513,28.8587694194996,5.72627149482868,28.6334277503846,11.3089836164933,8.42137872906921,5.47566966422414,10.2813251406944,34.6908636349264,23.6507895267122,16.3715113574221,5.6290367416859,8.68649307296454,16.0370004477939,11.9578025228061,9.60943792557292,14.2497549258269,5.09409331465751,6.54954854741679,12.71033241948,9.8241381893046,14.9136116603724,9.37909767911984,8.69933170819507,14.1166936548009,7.78392443534803,14.7103377270745,12.428285878388,11.0891710597369,10.319683718115,8.5036837030952,4.83595294223775,136.080884279227,250.104373120337,48.3048808085701,130.031455178063,0,111.595018824275,30.833903608984,0,0,112.2280140744,75.4530871171162,241.984138933388,1562.56202593142,74.7035259776168,20515
"38",14,93,0.363333917033919,-1.79345185759341,7.89812703717201,1.5619772758,2.89827591894408,29.6632799346158,35.9567351289114,11.3621874052271,62.0745846528798,55.5825124599341,22.6328653269151,49.1838615553268,71.7348215277966,22.8085058229317,60.2712254626601,10.1517077150899,68.4691026397975,238.98358747787,31.8644783303826,55.1391793161521,69.2737782576301,76.5758168001602,31.1235850016187,54.2492894356792,21.7725203770494,5.91151104940258,23.7994052202518,9.66089984210689,4.7409043693575,5.00229304217121,10.2099957645055,32.5990348699518,20.1275829088766,10.7547973306432,6.39296900917141,6.52336703626341,12.111677395119,12.6600476134252,10.2918214184542,9.01797573268276,3.92115190199298,5.04148101684811,8.05756305132253,5.44694125296739,20.2417975204355,13.2736281846932,5.56956446848696,11.3819035377201,3.598025007131,16.8752143897425,22.0616129331604,14.0865393080568,10.5896827695117,8.68740945546569,5.48805333755003,177.599458848115,224.430635008373,42.5467127173418,115.640412079911,0,110.673766715727,36.172606860812,0,0,107.906210320891,85.8337126850184,234.479789739774,1859.32082489272,82.8781312300626,14093
"39",18,17,0.375531829270028,-1.83074857505079,8.41868049302556,1.24680435640651,2.24207844050322,20.6015382605118,25.4701630783847,12.5762349098007,61.4511404331361,50.5042028089724,17.0393444686362,48.5811702029195,88.3374877504131,32.2514079721379,92.8898783823742,8.79174217476546,64.9709770638846,183.244191111111,24.4325588148148,55.9062018546959,67.2655789758201,67.2417980133556,27.986181746327,55.6998604789588,24.1942065843722,5.89028106866157,21.9906683451202,10.7671975068032,5.96369496374019,6.1893720346361,9.54213406119855,31.9225037691698,22.3064673172399,11.3490280247907,4.96224348553587,10.0907562651385,12.787990676624,12.2680247968402,7.71082728417615,12.1039801965522,4.92921861481841,6.33756679048081,10.1612950410256,7.04096033264002,14.9171742651109,8.55588180340137,5.56880834893662,12.4737465825534,5.31523610258834,11.9726471256838,18.9439573270224,14.2916430450716,12.1157611155752,8.40197150736079,5.55776184876272,141.341378448634,229.248060601732,48.4033494682964,111.469524828781,0,144.190931776074,31.745586981578,0,0,113.224042190713,83.3521060095252,266.84893235375,2005.18996778269,80.0979846616548,18017
"40",2,4,0.567838023960759,-2.04279638211878,10.0208506913713,2.11214604625,3.42459384748043,24.9355231303708,31.3376276823586,13.9186975155611,73.2083303004848,55.6610516261155,17.3967238698696,50.109179514848,71.2135229531721,40.5762939726166,84.155041209998,9.45201415821969,67.8400249503754,200.448941710501,26.7265255614001,62.2933544302062,64.431130422869,65.3074126027397,31.9546017792892,73.5065985039146,22.5638375169048,5.62782095220158,23.8136005642435,13.4478214412523,5.01658543661877,8.31658703186143,8.22591214421714,29.8541356745389,15.3822292757024,19.2652837612856,5.38878070050146,8.95489652468073,18.3816221897276,6.97081644908752,6.49604918532713,11.1933708345266,5.2509141918796,6.75117538955949,21.1797363568204,7.18203816912792,20.8580498546588,14.5152061778133,7.21399299590296,13.7317293261858,8.03347630183747,16.5702977990136,20.2000584076439,14.2023778884162,11.602795757901,9.84168838011196,5.53248588612504,141.487749608377,265.317390188453,51.5389072127328,123.959772101112,0,169.939214718064,31.4355109614388,0,0,76.5559869408152,117.709086135614,232.326318785378,2104.39783659299,83.0181101852116,2004
"41",29,26,0.337803628547906,-1.71304550900803,6.35241818173265,0.741252051205882,2.45176751208918,25.1199683005621,37.0412923836233,11.4220522124394,60.6759263178103,55.4123559063369,20.8596107383491,48.5929426498417,77.1528901035175,31.3954355089319,88.8032906219287,8.72138428362604,65.1798079738624,172.60171746553,23.0135623287373,52.8606590087084,67.6046974365051,69.5299589050742,29.7981205952873,52.2617331117113,25.4682603081117,5.99451535885423,26.0526115609958,6.60656527520401,3.72545189722563,7.35507491678425,9.65013189572763,29.3947625557854,25.7232188906212,11.0019398851754,6.36429182029917,6.3075487371132,14.7652730048582,9.02922478903273,8.84355479436886,8.66676714719431,4.19755153800321,5.3968519774327,8.72997003686151,5.96726338967848,40.16622196713,9.62806541749354,11.2338667306435,10.9976682394484,5.56046299092159,12.6300006008864,10.3068329344548,16.4051689820444,10.2863985357983,9.1514258337394,4.60458266305419,157.814100510065,218.646691024428,44.367219312735,150.232169790978,0,122.392981156843,27.429547498976,0,0,93.3734773558447,66.4257554405583,233.39972530095,1766.92768525402,77.3522096564817,29026
"42",15,106,0.33671279776541,-1.7392884735471,6.76393009799225,0.892332918761972,2.51567073401989,24.2055711378119,33.1252736567836,10.895530055304,58.9746078121842,51.1702543646831,20.2873684464922,49.6934298087942,87.6069336606184,34.6656231785428,91.8604849194034,9.32265384202315,65.1450905849677,179.137595264934,23.8850127019911,55.4890203064249,62.5087909910376,76.8760093110497,27.5240178248699,56.1506389101923,27.0127791080372,5.86990515695975,21.6138708030321,8.03118084599704,5.51616272683046,6.04282364797221,11.5855883371167,32.165996872158,21.3613106143804,9.55702181969797,6.17845538187769,8.50113442258795,14.5944849387348,9.74667242814036,12.4571483365424,12.5098740575401,4.05853812365558,5.21812044470004,12.2611879179638,7.38724379196013,13.6407778647265,8.77496850670784,10.3711145297836,10.8117584256704,8.31492897907151,16.897599236959,19.2263570200705,12.5146844046912,11.8356554420603,9.59680510465984,5.05163606446072,125.801553708669,219.955525082338,38.4641073481611,105.48841637465,0,129.29198277871,30.4885499830159,0,0,113.049901101158,102.016001166917,257.9976243355,1611.01581600646,79.7392466529735,15106
"43",5,35,0.445834661070759,-1.80539766766558,6.98429403906349,2.6368901524724,3.0024201716578,21.278154397261,26.5408841593414,12.1606185271585,59.3148908717351,46.1932322942795,15.4268983878035,47.2503580852831,88.126907878023,32.3996307145527,79.0715085531412,9.23978201212427,76.5369738007351,175.788465307229,23.4384620409638,48.3437746510192,72.3104642919055,51.6099124699317,32.2774824667986,48.5003529496198,21.5839162419174,6.85043746041444,20.1347316334158,10.0064512211502,5.22313547143934,5.85591836952499,8.70865855816024,28.1230685761112,17.1588653283349,10.4556219176354,4.48576605645068,8.02353982954924,14.0694264542932,11.0893580255705,6.92714407630661,10.6774340477202,4.60791245624617,5.9244588723165,9.67827215580677,6.19145432196134,11.3051139196611,12.3948336871821,7.96832438658471,10.0609706581349,8.66671025239695,15.8197171190195,13.4245959044604,13.5185253287011,12.636087776876,7.7752320001629,4.72914123901302,148.293786860598,301.018591274361,36.6444038531651,112.011567646456,0,137.423992611528,31.740303337973,0,0,110.954914284,79.3999971983968,255.210006299979,1978.35320002283,86.6856843405946,5035
"44",13,77,0.350563924615317,-1.71676402984518,6.34312378194377,0.795163595053921,2.33546872999123,17.7088484601505,24.9854792707084,10.7145803467363,61.8881409052407,57.1320156939896,21.7029498216859,50.2142294312869,68.932692117395,29.5025232567375,84.6254877586492,8.68779062064,79.5102482524389,175.771009641778,23.4361346189037,68.3630634665317,73.4564845416244,53.1190230858449,33.5192330563003,53.7068904286179,21.2549481203035,5.56861448141175,19.0471941682297,7.52471841605292,2.74282554094916,8.7919623957363,8.39000000636997,30.0564543781448,21.5581340841837,12.0580185817636,5.90163631859542,8.5557794239594,12.4503595449658,9.37054645922774,10.7587898782502,11.0643612561457,6.59875296832193,8.48411095927105,12.618035895038,5.7087196362614,19.635239132625,17.9030523527867,9.05938119530458,10.1024453677204,5.87247264748266,16.1567856756757,14.8263048123229,12.2267284693908,13.05005502388,8.83413666579733,4.95207432448488,135.415984246314,217.225397247214,47.0061362584756,125.954930498892,0,104.704397203329,31.1830693304316,0,0,111.161833036398,75.6501328256513,246.7408302284,2410.98657046894,76.0784338295608,13077
"45",30,193,0.334933531633308,-1.6781922533761,7.88197716650025,1.19547892890014,3.26047442396528,19.7523473848161,26.6771332999771,13.4258583604959,64.7038819019017,53.2299381002977,22.5500939560282,47.0929589057703,81.4684360155481,27.1008973244686,91.5777105263158,8.6251768799199,63.5220463519077,179.038731081969,23.8718308109291,51.3941748534857,62.1429712372268,57.9684578198246,25.2873227363441,51.3898727302811,24.9882530159774,4.66072431941908,21.7610394726888,7.85179711056164,6.20870674394367,8.34577919702869,10.4752025429524,26.5311484195405,20.9147197476938,11.8058468824401,5.08056284756172,7.37946204102222,14.0677061378695,9.85437161623839,9.44503043709073,11.1730057673253,4.0942574117032,5.2640452436184,9.49576701283895,6.66191950933742,21.8223574792879,10.817428560201,5.9919488679478,9.87336669949062,6.65538795702342,14.0967729454957,17.4828316137079,12.1114157911749,10.7529597386095,8.57771385787622,5.23541426671022,139.656617168094,228.234870735096,45.6432575401266,90.9936691743156,0,116.595117154885,33.8347758030541,0,0,110.918886693266,89.2950902184506,235.88584849124,2177.83863625308,78.0360463452161,30193
"46",27,4,0.313970188081524,-1.62190053699822,8.59117850325703,1.07306667979052,2.75954216672861,22.5566446766807,28.8255512791424,11.8836542355026,59.6542297274537,45.0832290195498,20.1002854996925,45.4958995159806,69.4710576200556,24.6970151100044,75.8782437691953,10.3759217904026,70.4548636211293,180.122214563373,24.0162952751163,59.130131581978,68.0597092012626,70.3981772064855,29.4358246029742,58.8003201079616,27.5898072715075,4.78452674903874,22.5473417597045,9.29437485878661,5.69391037689583,8.10808179854221,10.0101869537939,28.6618600714085,26.3570103540569,10.1974440734625,4.74338012463816,5.85926974721576,12.5921462550651,10.2821027616322,7.68990234864055,9.70582370614223,3.88838873800941,4.99935694886924,12.2597540266897,7.22037363780306,16.0478617786892,8.67188907319009,5.65822913423014,12.6265923075581,8.60267512682405,14.3698517821652,20.1247525331761,10.504503310101,15.8131932592734,9.3904566573045,4.77207313497246,134.469417321409,255.151517138947,43.9303067364821,124.538704602729,0,111.76158599167,32.6646594226678,0,0,105.463993968517,93.3640412160363,219.095865882642,2550.42329405871,79.8833725960219,27004
